id,ndvi,fecha
1,0.3495039,2020-09-10T00:00:00Z
1,0.3806752,2020-09-20T00:00:00Z
1,0.3775322,2020-10-10T00:00:00Z
1,0.302361,2020-10-15T00:00:00Z
1,0.3506013,2020-10-20T00:00:00Z
1,0.3431288,2020-10-30T00:00:00Z
1,0.3258786,2020-11-09T00:00:00Z
1,0.2403101,2020-11-24T00:00:00Z
1,0.192126,2020-11-29T00:00:00Z
2,0.1600902,2020-09-10T00:00:00Z
2,0.1455142,2020-09-20T00:00:00Z
2,0.1432792,2020-10-10T00:00:00Z
2,0.125,2020-10-15T00:00:00Z
2,0.1091703,2020-10-20T00:00:00Z
2,0.0980234,2020-10-30T00:00:00Z
2,0.0922844,2020-11-09T00:00:00Z
2,0.0887748,2020-11-24T00:00:00Z
2,0.0823015,2020-11-29T00:00:00Z
3,0.4731707,2020-09-10T00:00:00Z
3,0.4898279,2020-09-20T00:00:00Z
3,0.4011976,2020-10-10T00:00:00Z
3,0.320197,2020-10-15T00:00:00Z
3,0.4668192,2020-10-20T00:00:00Z
3,0.359045,2020-10-30T00:00:00Z
3,0.2886248,2020-11-09T00:00:00Z
3,0.2699491,2020-11-24T00:00:00Z
3,0.307947,2020-11-29T00:00:00Z
4,-0.0307747,2020-09-10T00:00:00Z
4,0.0732274,2020-09-20T00:00:00Z
4,0.112628,2020-10-10T00:00:00Z
4,0.100211,2020-10-15T00:00:00Z
4,0.074221,2020-10-20T00:00:00Z
4,0.0685742,2020-10-30T00:00:00Z
4,0.0754993,2020-11-09T00:00:00Z
4,0.067591,2020-11-24T00:00:00Z
4,0.0771945,2020-11-29T00:00:00Z
5,0.2513181,2020-09-10T00:00:00Z
5,0.3271605,2020-09-20T00:00:00Z
5,0.3596288,2020-10-10T00:00:00Z
5,0.2840044,2020-10-15T00:00:00Z
5,0.3654066,2020-10-20T00:00:00Z
5,0.3811563,2020-10-30T00:00:00Z
5,0.4399185,2020-11-09T00:00:00Z
5,0.3709369,2020-11-24T00:00:00Z
5,0.4015595,2020-11-29T00:00:00Z
6,0.3143366,2020-09-10T00:00:00Z
6,0.2640145,2020-09-20T00:00:00Z
6,0.3116883,2020-10-10T00:00:00Z
6,0.3236862,2020-10-15T00:00:00Z
6,0.2698182,2020-10-20T00:00:00Z
6,0.19595,2020-10-30T00:00:00Z
6,0.113804,2020-11-09T00:00:00Z
6,0.2339246,2020-11-24T00:00:00Z
6,0.1472946,2020-11-29T00:00:00Z
7,0.3372898,2020-09-10T00:00:00Z
7,0.3900709,2020-09-20T00:00:00Z
7,0.3487957,2020-10-10T00:00:00Z
7,0.2959866,2020-10-15T00:00:00Z
7,0.2582462,2020-10-20T00:00:00Z
7,0.1804408,2020-10-30T00:00:00Z
7,0.133453,2020-11-09T00:00:00Z
7,0.1109785,2020-11-24T00:00:00Z
7,0.0763143,2020-11-29T00:00:00Z
8,0.4122367,2020-09-10T00:00:00Z
8,0.4632353,2020-09-20T00:00:00Z
8,0.4279176,2020-10-10T00:00:00Z
8,0.3804538,2020-10-15T00:00:00Z
8,0.3545052,2020-10-20T00:00:00Z
8,0.3412948,2020-10-30T00:00:00Z
8,0.2040598,2020-11-09T00:00:00Z
8,0.1636364,2020-11-24T00:00:00Z
8,0.1978892,2020-11-29T00:00:00Z
9,0.5212355,2020-09-10T00:00:00Z
9,0.4619003,2020-09-20T00:00:00Z
9,0.4333628,2020-10-10T00:00:00Z
9,0.2382291,2020-10-15T00:00:00Z
9,0.4133545,2020-10-20T00:00:00Z
9,0.4142857,2020-10-30T00:00:00Z
9,0.4541024,2020-11-09T00:00:00Z
9,0.3966565,2020-11-24T00:00:00Z
9,0.4077593,2020-11-29T00:00:00Z
10,0.2842809,2020-09-10T00:00:00Z
10,0.323764,2020-09-20T00:00:00Z
10,0.3056517,2020-10-10T00:00:00Z
10,0.3427332,2020-10-15T00:00:00Z
10,0.3183857,2020-10-20T00:00:00Z
10,0.2360845,2020-10-30T00:00:00Z
10,0.235647,2020-11-09T00:00:00Z
10,0.1742671,2020-11-24T00:00:00Z
10,0.159583,2020-11-29T00:00:00Z
11,0.3362445,2020-09-10T00:00:00Z
11,0.2138114,2020-09-20T00:00:00Z
11,0.2393509,2020-10-10T00:00:00Z
11,0.2916266,2020-10-15T00:00:00Z
11,0.3062438,2020-10-20T00:00:00Z
11,0.2215768,2020-10-30T00:00:00Z
11,0.2039725,2020-11-09T00:00:00Z
11,0.2213622,2020-11-24T00:00:00Z
11,0.2097635,2020-11-29T00:00:00Z
12,0.2183288,2020-09-10T00:00:00Z
12,0.2047556,2020-09-20T00:00:00Z
12,0.0881266,2020-10-10T00:00:00Z
12,0.1153647,2020-10-15T00:00:00Z
12,0.0493708,2020-10-20T00:00:00Z
12,0.0861354,2020-10-30T00:00:00Z
12,0.0817391,2020-11-09T00:00:00Z
12,0.1188695,2020-11-24T00:00:00Z
12,0.0540881,2020-11-29T00:00:00Z
13,0.2724138,2020-09-10T00:00:00Z
13,0.2558528,2020-09-20T00:00:00Z
13,0.3382961,2020-10-10T00:00:00Z
13,0.3125,2020-10-15T00:00:00Z
13,0.2996109,2020-10-20T00:00:00Z
13,0.25,2020-10-30T00:00:00Z
13,0.2420263,2020-11-09T00:00:00Z
13,0.2887029,2020-11-24T00:00:00Z
13,0.2245955,2020-11-29T00:00:00Z
14,0.1298042,2020-09-10T00:00:00Z
14,0.123381,2020-09-20T00:00:00Z
14,0.0982396,2020-10-10T00:00:00Z
14,0.1047824,2020-10-15T00:00:00Z
14,0.1123288,2020-10-20T00:00:00Z
14,0.1092784,2020-10-30T00:00:00Z
14,0.1140741,2020-11-09T00:00:00Z
14,0.119186,2020-11-24T00:00:00Z
14,0.1298077,2020-11-29T00:00:00Z
15,0.1681856,2020-09-10T00:00:00Z
15,0.2789916,2020-09-20T00:00:00Z
15,0.1335689,2020-10-10T00:00:00Z
15,0.1334731,2020-10-15T00:00:00Z
15,0.1183946,2020-10-20T00:00:00Z
15,0.1753425,2020-10-30T00:00:00Z
15,0.1868439,2020-11-09T00:00:00Z
15,0.1472651,2020-11-24T00:00:00Z
15,0.1022965,2020-11-29T00:00:00Z
16,0.2085453,2020-09-10T00:00:00Z
16,0.2379072,2020-09-20T00:00:00Z
16,0.1977124,2020-10-10T00:00:00Z
16,0.1796043,2020-10-15T00:00:00Z
16,0.1845688,2020-10-20T00:00:00Z
16,0.1553525,2020-10-30T00:00:00Z
16,0.1480804,2020-11-09T00:00:00Z
16,0.132798,2020-11-24T00:00:00Z
16,0.1374696,2020-11-29T00:00:00Z
17,0.4309859,2020-09-10T00:00:00Z
17,0.3079365,2020-09-20T00:00:00Z
17,0.2574257,2020-10-10T00:00:00Z
17,0.2730769,2020-10-15T00:00:00Z
17,0.2897884,2020-10-20T00:00:00Z
17,0.2752902,2020-10-30T00:00:00Z
17,0.3380503,2020-11-09T00:00:00Z
17,0.380035,2020-11-24T00:00:00Z
17,0.3558484,2020-11-29T00:00:00Z
18,0.3316129,2020-09-10T00:00:00Z
18,0.3031359,2020-09-20T00:00:00Z
18,0.3048544,2020-10-10T00:00:00Z
18,0.3004926,2020-10-15T00:00:00Z
18,0.27378,2020-10-20T00:00:00Z
18,0.2597911,2020-10-30T00:00:00Z
18,0.1753813,2020-11-09T00:00:00Z
18,0.1421189,2020-11-24T00:00:00Z
18,0.1040236,2020-11-29T00:00:00Z
19,0.1358025,2020-09-10T00:00:00Z
19,0.1469243,2020-09-20T00:00:00Z
19,0.1129178,2020-10-10T00:00:00Z
19,0.1477378,2020-10-15T00:00:00Z
19,0.1198922,2020-10-20T00:00:00Z
19,0.1581794,2020-10-30T00:00:00Z
19,0.1285211,2020-11-09T00:00:00Z
19,0.2073465,2020-11-24T00:00:00Z
19,0.1433644,2020-11-29T00:00:00Z
20,0.2833078,2020-09-10T00:00:00Z
20,0.1675338,2020-09-20T00:00:00Z
20,0.073509,2020-10-10T00:00:00Z
20,0.1761323,2020-10-15T00:00:00Z
20,0.1006623,2020-10-20T00:00:00Z
20,0.0791717,2020-10-30T00:00:00Z
20,0.1261364,2020-11-09T00:00:00Z
20,0.1543841,2020-11-24T00:00:00Z
20,0.1490459,2020-11-29T00:00:00Z
21,0.0896478,2020-09-10T00:00:00Z
21,0.1006382,2020-09-20T00:00:00Z
21,0.0650022,2020-10-10T00:00:00Z
21,0.112809,2020-10-15T00:00:00Z
21,0.0595089,2020-10-20T00:00:00Z
21,0.0646921,2020-10-30T00:00:00Z
21,0.0704023,2020-11-09T00:00:00Z
21,0.1454052,2020-11-24T00:00:00Z
21,0.071953,2020-11-29T00:00:00Z
22,0.2984389,2020-09-10T00:00:00Z
22,0.2875536,2020-09-20T00:00:00Z
22,0.24375,2020-10-10T00:00:00Z
22,0.2073864,2020-10-15T00:00:00Z
22,0.2685116,2020-10-20T00:00:00Z
22,0.2626932,2020-10-30T00:00:00Z
22,0.2897328,2020-11-09T00:00:00Z
22,0.2435991,2020-11-24T00:00:00Z
22,0.2324094,2020-11-29T00:00:00Z
23,0.2296891,2020-09-10T00:00:00Z
23,0.2198444,2020-09-20T00:00:00Z
23,0.259318,2020-10-10T00:00:00Z
23,0.2678063,2020-10-15T00:00:00Z
23,0.2590217,2020-10-20T00:00:00Z
23,0.2432432,2020-10-30T00:00:00Z
23,0.2613139,2020-11-09T00:00:00Z
23,0.1897151,2020-11-24T00:00:00Z
23,0.1847469,2020-11-29T00:00:00Z
24,0.3181818,2020-09-10T00:00:00Z
24,0.2866557,2020-09-20T00:00:00Z
24,0.2278211,2020-10-10T00:00:00Z
24,0.1690821,2020-10-15T00:00:00Z
24,0.1499158,2020-10-20T00:00:00Z
24,0.1223227,2020-10-30T00:00:00Z
24,0.1256591,2020-11-09T00:00:00Z
24,0.0840727,2020-11-24T00:00:00Z
24,0.1090526,2020-11-29T00:00:00Z
25,0.3033708,2020-09-10T00:00:00Z
25,0.2576897,2020-09-20T00:00:00Z
25,0.2810526,2020-10-10T00:00:00Z
25,0.2623646,2020-10-15T00:00:00Z
25,0.2401592,2020-10-20T00:00:00Z
25,0.1551459,2020-10-30T00:00:00Z
25,0.1425494,2020-11-09T00:00:00Z
25,0.1197936,2020-11-24T00:00:00Z
25,0.1438228,2020-11-29T00:00:00Z
26,0.1036145,2020-09-10T00:00:00Z
26,0.0611303,2020-09-20T00:00:00Z
26,0.0807453,2020-10-10T00:00:00Z
26,0.0830433,2020-10-15T00:00:00Z
26,0.0912779,2020-10-20T00:00:00Z
26,0.0895596,2020-10-30T00:00:00Z
26,0.0969267,2020-11-09T00:00:00Z
26,0.1108996,2020-11-24T00:00:00Z
26,0.1168582,2020-11-29T00:00:00Z
27,0.2888889,2020-09-10T00:00:00Z
27,0.2906793,2020-09-20T00:00:00Z
27,0.225018,2020-10-10T00:00:00Z
27,0.1830508,2020-10-15T00:00:00Z
27,0.1827089,2020-10-20T00:00:00Z
27,0.1183463,2020-10-30T00:00:00Z
27,0.0785882,2020-11-09T00:00:00Z
27,0.1264142,2020-11-24T00:00:00Z
27,0.0700046,2020-11-29T00:00:00Z
28,0.430137,2020-09-10T00:00:00Z
28,0.4226804,2020-09-20T00:00:00Z
28,0.4157303,2020-10-10T00:00:00Z
28,0.3624679,2020-10-15T00:00:00Z
28,0.3139535,2020-10-20T00:00:00Z
28,0.2884125,2020-10-30T00:00:00Z
28,0.1638009,2020-11-09T00:00:00Z
28,0.2582846,2020-11-24T00:00:00Z
28,0.2292546,2020-11-29T00:00:00Z
29,0.322335,2020-09-10T00:00:00Z
29,0.2741722,2020-09-20T00:00:00Z
29,0.3191057,2020-10-10T00:00:00Z
29,0.303001,2020-10-15T00:00:00Z
29,0.2502343,2020-10-20T00:00:00Z
29,0.2589928,2020-10-30T00:00:00Z
29,0.1589242,2020-11-09T00:00:00Z
29,0.2170213,2020-11-24T00:00:00Z
29,0.2491525,2020-11-29T00:00:00Z
30,0.1256281,2020-09-10T00:00:00Z
30,0.2172573,2020-09-20T00:00:00Z
30,0.3534379,2020-10-10T00:00:00Z
30,0.2749004,2020-10-15T00:00:00Z
30,0.3089343,2020-10-20T00:00:00Z
30,0.303186,2020-10-30T00:00:00Z
30,0.306968,2020-11-09T00:00:00Z
30,0.201626,2020-11-24T00:00:00Z
30,0.2208437,2020-11-29T00:00:00Z
31,0.5278195,2020-09-10T00:00:00Z
31,0.6186186,2020-09-20T00:00:00Z
31,0.4633508,2020-10-10T00:00:00Z
31,0.3802817,2020-10-15T00:00:00Z
31,0.477551,2020-10-20T00:00:00Z
31,0.4763552,2020-10-30T00:00:00Z
31,0.4704595,2020-11-09T00:00:00Z
31,0.5017626,2020-11-24T00:00:00Z
31,0.5011494,2020-11-29T00:00:00Z
32,0.3774834,2020-09-10T00:00:00Z
32,0.3604396,2020-09-20T00:00:00Z
32,0.2870608,2020-10-10T00:00:00Z
32,0.3053312,2020-10-15T00:00:00Z
32,0.3549488,2020-10-20T00:00:00Z
32,0.3235053,2020-10-30T00:00:00Z
32,0.3861224,2020-11-09T00:00:00Z
32,0.4046997,2020-11-24T00:00:00Z
32,0.4223764,2020-11-29T00:00:00Z
33,0.357331,2020-09-10T00:00:00Z
33,0.3781223,2020-09-20T00:00:00Z
33,0.2936709,2020-10-10T00:00:00Z
33,0.2294713,2020-10-15T00:00:00Z
33,0.219641,2020-10-20T00:00:00Z
33,0.2204568,2020-10-30T00:00:00Z
33,0.2193273,2020-11-09T00:00:00Z
33,0.1494755,2020-11-24T00:00:00Z
33,0.1710119,2020-11-29T00:00:00Z
34,0.3800623,2020-09-10T00:00:00Z
34,0.3129252,2020-09-20T00:00:00Z
34,0.3180077,2020-10-10T00:00:00Z
34,0.2429752,2020-10-15T00:00:00Z
34,0.3022026,2020-10-20T00:00:00Z
34,0.2439024,2020-10-30T00:00:00Z
34,0.2740943,2020-11-09T00:00:00Z
34,0.2623669,2020-11-24T00:00:00Z
34,0.2382134,2020-11-29T00:00:00Z
35,0.2371342,2020-09-10T00:00:00Z
35,0.2384937,2020-09-20T00:00:00Z
35,0.2396694,2020-10-10T00:00:00Z
35,0.3809898,2020-10-15T00:00:00Z
35,0.2655198,2020-10-20T00:00:00Z
35,0.2352941,2020-10-30T00:00:00Z
35,0.2290076,2020-11-09T00:00:00Z
35,0.236927,2020-11-24T00:00:00Z
35,0.1709091,2020-11-29T00:00:00Z
36,0.0968703,2020-09-10T00:00:00Z
36,0.1206657,2020-09-20T00:00:00Z
36,0.1397436,2020-10-10T00:00:00Z
36,0.1089337,2020-10-15T00:00:00Z
36,0.1445358,2020-10-20T00:00:00Z
36,0.1098961,2020-10-30T00:00:00Z
36,0.0980203,2020-11-09T00:00:00Z
36,0.0613145,2020-11-24T00:00:00Z
36,0.0788852,2020-11-29T00:00:00Z
37,0.1729819,2020-09-10T00:00:00Z
37,0.1778523,2020-09-20T00:00:00Z
37,0.1475904,2020-10-10T00:00:00Z
37,0.2076866,2020-10-15T00:00:00Z
37,0.1784414,2020-10-20T00:00:00Z
37,0.179941,2020-10-30T00:00:00Z
37,0.1906077,2020-11-09T00:00:00Z
37,0.1793358,2020-11-24T00:00:00Z
37,0.1667801,2020-11-29T00:00:00Z
38,0.1683168,2020-09-10T00:00:00Z
38,0.2416938,2020-09-20T00:00:00Z
38,0.1160164,2020-10-10T00:00:00Z
38,0.1781701,2020-10-15T00:00:00Z
38,0.156639,2020-10-20T00:00:00Z
38,0.1158507,2020-10-30T00:00:00Z
38,0.1246612,2020-11-09T00:00:00Z
38,0.1199197,2020-11-24T00:00:00Z
38,0.1036415,2020-11-29T00:00:00Z
39,0.3773774,2020-09-10T00:00:00Z
39,0.3846881,2020-09-20T00:00:00Z
39,0.286033,2020-10-10T00:00:00Z
39,0.1374408,2020-10-15T00:00:00Z
39,0.1767489,2020-10-20T00:00:00Z
39,0.0915877,2020-10-30T00:00:00Z
39,0.0918919,2020-11-09T00:00:00Z
39,0.0414469,2020-11-24T00:00:00Z
39,0.0716864,2020-11-29T00:00:00Z
40,0.2286689,2020-09-10T00:00:00Z
40,0.2556591,2020-09-20T00:00:00Z
40,0.3319672,2020-10-10T00:00:00Z
40,0.2706334,2020-10-15T00:00:00Z
40,0.2697368,2020-10-20T00:00:00Z
40,0.1499211,2020-10-30T00:00:00Z
40,0.1278066,2020-11-09T00:00:00Z
40,0.1020099,2020-11-24T00:00:00Z
40,0.0848182,2020-11-29T00:00:00Z
41,0.380385,2020-09-10T00:00:00Z
41,0.370844,2020-09-20T00:00:00Z
41,0.4826192,2020-10-10T00:00:00Z
41,0.3895072,2020-10-15T00:00:00Z
41,0.4590985,2020-10-20T00:00:00Z
41,0.4801829,2020-10-30T00:00:00Z
41,0.5203762,2020-11-09T00:00:00Z
41,0.501199,2020-11-24T00:00:00Z
41,0.5293088,2020-11-29T00:00:00Z
42,0.3883972,2020-09-10T00:00:00Z
42,0.3602941,2020-09-20T00:00:00Z
42,0.3473862,2020-10-10T00:00:00Z
42,0.2585949,2020-10-15T00:00:00Z
42,0.2681852,2020-10-20T00:00:00Z
42,0.2511416,2020-10-30T00:00:00Z
42,0.1534681,2020-11-09T00:00:00Z
42,0.1015583,2020-11-24T00:00:00Z
42,0.149413,2020-11-29T00:00:00Z
43,0.1001059,2020-09-10T00:00:00Z
43,0.0818653,2020-09-20T00:00:00Z
43,0.1326144,2020-10-10T00:00:00Z
43,0.0828961,2020-10-15T00:00:00Z
43,0.0899329,2020-10-20T00:00:00Z
43,0.093575,2020-10-30T00:00:00Z
43,0.0935551,2020-11-09T00:00:00Z
43,0.0781563,2020-11-24T00:00:00Z
43,0.0901763,2020-11-29T00:00:00Z
44,0.1948052,2020-09-10T00:00:00Z
44,0.2677346,2020-09-20T00:00:00Z
44,0.2653846,2020-10-10T00:00:00Z
44,0.32,2020-10-15T00:00:00Z
44,0.3233233,2020-10-20T00:00:00Z
44,0.3379913,2020-10-30T00:00:00Z
44,0.2750958,2020-11-09T00:00:00Z
44,0.2314887,2020-11-24T00:00:00Z
44,0.2142316,2020-11-29T00:00:00Z
45,0.4043993,2020-09-10T00:00:00Z
45,0.3901345,2020-09-20T00:00:00Z
45,0.2969072,2020-10-10T00:00:00Z
45,0.3153488,2020-10-15T00:00:00Z
45,0.2993131,2020-10-20T00:00:00Z
45,0.2195526,2020-10-30T00:00:00Z
45,0.1290323,2020-11-09T00:00:00Z
45,0.156391,2020-11-24T00:00:00Z
45,0.1057622,2020-11-29T00:00:00Z
46,0.4504505,2020-09-10T00:00:00Z
46,0.4422383,2020-09-20T00:00:00Z
46,0.275991,2020-10-10T00:00:00Z
46,0.3294964,2020-10-15T00:00:00Z
46,0.2614379,2020-10-20T00:00:00Z
46,0.1898174,2020-10-30T00:00:00Z
46,0.1229947,2020-11-09T00:00:00Z
46,0.1333992,2020-11-24T00:00:00Z
46,0.1099815,2020-11-29T00:00:00Z
47,0.259893,2020-09-10T00:00:00Z
47,0.3369099,2020-09-20T00:00:00Z
47,0.391106,2020-10-10T00:00:00Z
47,0.3807339,2020-10-15T00:00:00Z
47,0.4626866,2020-10-20T00:00:00Z
47,0.4054054,2020-10-30T00:00:00Z
47,0.4119923,2020-11-09T00:00:00Z
47,0.4411178,2020-11-24T00:00:00Z
47,0.4981481,2020-11-29T00:00:00Z
48,0.3072289,2020-09-10T00:00:00Z
48,0.2977413,2020-09-20T00:00:00Z
48,0.3954802,2020-10-10T00:00:00Z
48,0.3254344,2020-10-15T00:00:00Z
48,0.3015873,2020-10-20T00:00:00Z
48,0.2182952,2020-10-30T00:00:00Z
48,0.1412708,2020-11-09T00:00:00Z
48,0.1274752,2020-11-24T00:00:00Z
48,0.1098199,2020-11-29T00:00:00Z
49,0.3333333,2020-09-10T00:00:00Z
49,0.3580508,2020-09-20T00:00:00Z
49,0.3061224,2020-10-10T00:00:00Z
49,0.305872,2020-10-15T00:00:00Z
49,0.3315168,2020-10-20T00:00:00Z
49,0.2584085,2020-10-30T00:00:00Z
49,0.137741,2020-11-09T00:00:00Z
49,0.1028917,2020-11-24T00:00:00Z
49,0.157114,2020-11-29T00:00:00Z
50,0.1067781,2020-09-10T00:00:00Z
50,0.1059603,2020-09-20T00:00:00Z
50,0.0729545,2020-10-10T00:00:00Z
50,0.1890572,2020-10-15T00:00:00Z
50,0.1235294,2020-10-20T00:00:00Z
50,0.0872919,2020-10-30T00:00:00Z
50,0.0879937,2020-11-09T00:00:00Z
50,0.1254417,2020-11-24T00:00:00Z
50,0.0977199,2020-11-29T00:00:00Z
51,0.1103723,2020-09-10T00:00:00Z
51,0.0709302,2020-09-20T00:00:00Z
51,0.2278146,2020-10-10T00:00:00Z
51,0.174675,2020-10-15T00:00:00Z
51,0.2468983,2020-10-20T00:00:00Z
51,0.2220386,2020-10-30T00:00:00Z
51,0.2026073,2020-11-09T00:00:00Z
51,0.1713427,2020-11-24T00:00:00Z
51,0.2226629,2020-11-29T00:00:00Z
52,0.242236,2020-09-10T00:00:00Z
52,0.2301508,2020-09-20T00:00:00Z
52,0.2676311,2020-10-10T00:00:00Z
52,0.2512156,2020-10-15T00:00:00Z
52,0.2555366,2020-10-20T00:00:00Z
52,0.2962681,2020-10-30T00:00:00Z
52,0.2857143,2020-11-09T00:00:00Z
52,0.2941999,2020-11-24T00:00:00Z
52,0.2496644,2020-11-29T00:00:00Z
53,0.371345,2020-09-10T00:00:00Z
53,0.3615495,2020-09-20T00:00:00Z
53,0.2428169,2020-10-10T00:00:00Z
53,0.2830601,2020-10-15T00:00:00Z
53,0.2352634,2020-10-20T00:00:00Z
53,0.1923792,2020-10-30T00:00:00Z
53,0.1612371,2020-11-09T00:00:00Z
53,0.191396,2020-11-24T00:00:00Z
53,0.1416442,2020-11-29T00:00:00Z
54,0.3149171,2020-09-10T00:00:00Z
54,0.344,2020-09-20T00:00:00Z
54,0.3514644,2020-10-10T00:00:00Z
54,0.301732,2020-10-15T00:00:00Z
54,0.2931393,2020-10-20T00:00:00Z
54,0.2920696,2020-10-30T00:00:00Z
54,0.2831169,2020-11-09T00:00:00Z
54,0.1212121,2020-11-24T00:00:00Z
54,0.0888087,2020-11-29T00:00:00Z
55,0.061706,2020-09-10T00:00:00Z
55,0.0571803,2020-09-20T00:00:00Z
55,0.0804211,2020-10-10T00:00:00Z
55,0.0780856,2020-10-15T00:00:00Z
55,0.0825083,2020-10-20T00:00:00Z
55,0.0781311,2020-10-30T00:00:00Z
55,0.0701493,2020-11-09T00:00:00Z
55,0.0667169,2020-11-24T00:00:00Z
55,0.0672237,2020-11-29T00:00:00Z
56,0.0855876,2020-09-10T00:00:00Z
56,0.0732143,2020-09-20T00:00:00Z
56,0.1490159,2020-10-10T00:00:00Z
56,0.1317393,2020-10-15T00:00:00Z
56,0.109462,2020-10-20T00:00:00Z
56,0.1473923,2020-10-30T00:00:00Z
56,0.1322849,2020-11-09T00:00:00Z
56,0.1143667,2020-11-24T00:00:00Z
56,0.1224209,2020-11-29T00:00:00Z
57,-0.1048797,2020-09-10T00:00:00Z
57,-0.0901804,2020-09-20T00:00:00Z
57,-0.0569906,2020-10-10T00:00:00Z
57,0.0951157,2020-10-15T00:00:00Z
57,0.0866418,2020-10-20T00:00:00Z
57,-0.0058581,2020-10-30T00:00:00Z
57,0.0191708,2020-11-09T00:00:00Z
57,0.1943463,2020-11-24T00:00:00Z
57,0.070814,2020-11-29T00:00:00Z
58,0.071019,2020-09-10T00:00:00Z
58,0.0739229,2020-09-20T00:00:00Z
58,0.0519573,2020-10-10T00:00:00Z
58,0.148773,2020-10-15T00:00:00Z
58,0.0451523,2020-10-20T00:00:00Z
58,0.0933143,2020-10-30T00:00:00Z
58,0.0895317,2020-11-09T00:00:00Z
58,0.1191747,2020-11-24T00:00:00Z
58,0.082291,2020-11-29T00:00:00Z
59,0.4882629,2020-09-10T00:00:00Z
59,0.4606011,2020-09-20T00:00:00Z
59,0.2484994,2020-10-10T00:00:00Z
59,0.1791908,2020-10-15T00:00:00Z
59,0.1532371,2020-10-20T00:00:00Z
59,0.1197411,2020-10-30T00:00:00Z
59,0.1346877,2020-11-09T00:00:00Z
59,0.0928598,2020-11-24T00:00:00Z
59,0.1214689,2020-11-29T00:00:00Z
60,0.314433,2020-09-10T00:00:00Z
60,0.2095238,2020-09-20T00:00:00Z
60,0.1889874,2020-10-10T00:00:00Z
60,0.110542,2020-10-15T00:00:00Z
60,0.1228522,2020-10-20T00:00:00Z
60,0.1064163,2020-10-30T00:00:00Z
60,0.1177126,2020-11-09T00:00:00Z
60,0.0572809,2020-11-24T00:00:00Z
60,0.1061852,2020-11-29T00:00:00Z
61,0.0209205,2020-09-10T00:00:00Z
61,-0.0015568,2020-09-20T00:00:00Z
61,0.0600897,2020-10-10T00:00:00Z
61,0.0584829,2020-10-15T00:00:00Z
61,0.09626,2020-10-20T00:00:00Z
61,0.0533643,2020-10-30T00:00:00Z
61,0.1092976,2020-11-09T00:00:00Z
61,0.1744886,2020-11-24T00:00:00Z
61,0.1218638,2020-11-29T00:00:00Z
62,0.0803604,2020-09-10T00:00:00Z
62,0.0992573,2020-09-20T00:00:00Z
62,0.0748103,2020-10-10T00:00:00Z
62,0.2118542,2020-10-15T00:00:00Z
62,0.1315583,2020-10-20T00:00:00Z
62,0.0952381,2020-10-30T00:00:00Z
62,0.1309394,2020-11-09T00:00:00Z
62,0.179093,2020-11-24T00:00:00Z
62,0.1498406,2020-11-29T00:00:00Z
63,0.1184211,2020-09-10T00:00:00Z
63,0.1697248,2020-09-20T00:00:00Z
63,0.0590975,2020-10-10T00:00:00Z
63,-0.0487747,2020-10-15T00:00:00Z
63,0.0082324,2020-10-20T00:00:00Z
63,-0.0337698,2020-10-30T00:00:00Z
63,-0.0577996,2020-11-09T00:00:00Z
63,-0.0364935,2020-11-24T00:00:00Z
63,-0.1070866,2020-11-29T00:00:00Z
64,0.263124,2020-09-10T00:00:00Z
64,0.261099,2020-09-20T00:00:00Z
64,0.1887955,2020-10-10T00:00:00Z
64,0.1462264,2020-10-15T00:00:00Z
64,0.2050394,2020-10-20T00:00:00Z
64,0.1887862,2020-10-30T00:00:00Z
64,0.1925117,2020-11-09T00:00:00Z
64,0.1775823,2020-11-24T00:00:00Z
64,0.1852293,2020-11-29T00:00:00Z
65,-0.0269403,2020-09-10T00:00:00Z
65,-0.0218468,2020-09-20T00:00:00Z
65,0.0771294,2020-10-10T00:00:00Z
65,0.0921533,2020-10-15T00:00:00Z
65,0.0659794,2020-10-20T00:00:00Z
65,0.1032258,2020-10-30T00:00:00Z
65,0.0601023,2020-11-09T00:00:00Z
65,0.089153,2020-11-24T00:00:00Z
65,0.0594668,2020-11-29T00:00:00Z
66,0.3648069,2020-09-10T00:00:00Z
66,0.3647687,2020-09-20T00:00:00Z
66,0.2247043,2020-10-10T00:00:00Z
66,0.1910352,2020-10-15T00:00:00Z
66,0.165692,2020-10-20T00:00:00Z
66,0.12,2020-10-30T00:00:00Z
66,0.1282051,2020-11-09T00:00:00Z
66,0.1205674,2020-11-24T00:00:00Z
66,0.104619,2020-11-29T00:00:00Z
67,0.2152104,2020-09-10T00:00:00Z
67,0.2151261,2020-09-20T00:00:00Z
67,0.3552743,2020-10-10T00:00:00Z
67,0.184595,2020-10-15T00:00:00Z
67,0.3026706,2020-10-20T00:00:00Z
67,0.2719892,2020-10-30T00:00:00Z
67,0.3113141,2020-11-09T00:00:00Z
67,0.1766941,2020-11-24T00:00:00Z
67,0.2811189,2020-11-29T00:00:00Z
68,0.3210332,2020-09-10T00:00:00Z
68,0.3255814,2020-09-20T00:00:00Z
68,0.2734452,2020-10-10T00:00:00Z
68,0.2677596,2020-10-15T00:00:00Z
68,0.3135187,2020-10-20T00:00:00Z
68,0.2591273,2020-10-30T00:00:00Z
68,0.2217353,2020-11-09T00:00:00Z
68,0.1804571,2020-11-24T00:00:00Z
68,0.1920857,2020-11-29T00:00:00Z
69,0.1884058,2020-09-10T00:00:00Z
69,0.1699279,2020-09-20T00:00:00Z
69,0.2265758,2020-10-10T00:00:00Z
69,0.2138996,2020-10-15T00:00:00Z
69,0.2045271,2020-10-20T00:00:00Z
69,0.2219644,2020-10-30T00:00:00Z
69,0.1878531,2020-11-09T00:00:00Z
69,0.0852417,2020-11-24T00:00:00Z
69,0.0972053,2020-11-29T00:00:00Z
70,0.2715517,2020-09-10T00:00:00Z
70,0.3346939,2020-09-20T00:00:00Z
70,0.3573574,2020-10-10T00:00:00Z
70,0.3073436,2020-10-15T00:00:00Z
70,0.3873518,2020-10-20T00:00:00Z
70,0.3812808,2020-10-30T00:00:00Z
70,0.3358925,2020-11-09T00:00:00Z
70,0.2513274,2020-11-24T00:00:00Z
70,0.2938053,2020-11-29T00:00:00Z
71,0.1397327,2020-09-10T00:00:00Z
71,0.1921182,2020-09-20T00:00:00Z
71,0.2428884,2020-10-10T00:00:00Z
71,0.2179732,2020-10-15T00:00:00Z
71,0.2676923,2020-10-20T00:00:00Z
71,0.2481752,2020-10-30T00:00:00Z
71,0.2268603,2020-11-09T00:00:00Z
71,0.1768541,2020-11-24T00:00:00Z
71,0.2013147,2020-11-29T00:00:00Z
72,0.4506354,2020-09-10T00:00:00Z
72,0.496358,2020-09-20T00:00:00Z
72,0.3861566,2020-10-10T00:00:00Z
72,0.3951947,2020-10-15T00:00:00Z
72,0.3679092,2020-10-20T00:00:00Z
72,0.2720207,2020-10-30T00:00:00Z
72,0.1771429,2020-11-09T00:00:00Z
72,0.2015547,2020-11-24T00:00:00Z
72,0.194159,2020-11-29T00:00:00Z
73,0.4034653,2020-09-10T00:00:00Z
73,0.4726508,2020-09-20T00:00:00Z
73,0.3085655,2020-10-10T00:00:00Z
73,0.292797,2020-10-15T00:00:00Z
73,0.3514602,2020-10-20T00:00:00Z
73,0.3431085,2020-10-30T00:00:00Z
73,0.4028708,2020-11-09T00:00:00Z
73,0.4069877,2020-11-24T00:00:00Z
73,0.3901761,2020-11-29T00:00:00Z
74,0.4218487,2020-09-10T00:00:00Z
74,0.4433364,2020-09-20T00:00:00Z
74,0.3622047,2020-10-10T00:00:00Z
74,0.2246108,2020-10-15T00:00:00Z
74,0.1963788,2020-10-20T00:00:00Z
74,0.1515152,2020-10-30T00:00:00Z
74,0.147174,2020-11-09T00:00:00Z
74,0.0898701,2020-11-24T00:00:00Z
74,0.0932568,2020-11-29T00:00:00Z
75,0.3702128,2020-09-10T00:00:00Z
75,0.3642261,2020-09-20T00:00:00Z
75,0.2298767,2020-10-10T00:00:00Z
75,0.1980964,2020-10-15T00:00:00Z
75,0.1848837,2020-10-20T00:00:00Z
75,0.0952381,2020-10-30T00:00:00Z
75,0.1434283,2020-11-09T00:00:00Z
75,0.1145332,2020-11-24T00:00:00Z
75,0.100148,2020-11-29T00:00:00Z
76,0.3229018,2020-09-10T00:00:00Z
76,0.4049803,2020-09-20T00:00:00Z
76,0.3320351,2020-10-10T00:00:00Z
76,0.2899306,2020-10-15T00:00:00Z
76,0.3178744,2020-10-20T00:00:00Z
76,0.3357016,2020-10-30T00:00:00Z
76,0.3030769,2020-11-09T00:00:00Z
76,0.2060648,2020-11-24T00:00:00Z
76,0.1775827,2020-11-29T00:00:00Z
77,0.2538071,2020-09-10T00:00:00Z
77,0.2637486,2020-09-20T00:00:00Z
77,0.2220544,2020-10-10T00:00:00Z
77,0.2238164,2020-10-15T00:00:00Z
77,0.2011747,2020-10-20T00:00:00Z
77,0.1634241,2020-10-30T00:00:00Z
77,0.134189,2020-11-09T00:00:00Z
77,0.1392557,2020-11-24T00:00:00Z
77,0.1234783,2020-11-29T00:00:00Z
78,0.216445,2020-09-10T00:00:00Z
78,0.250918,2020-09-20T00:00:00Z
78,0.2269231,2020-10-10T00:00:00Z
78,0.2619048,2020-10-15T00:00:00Z
78,0.2480916,2020-10-20T00:00:00Z
78,0.2901408,2020-10-30T00:00:00Z
78,0.2470156,2020-11-09T00:00:00Z
78,0.1820535,2020-11-24T00:00:00Z
78,0.1944685,2020-11-29T00:00:00Z
79,0.1639236,2020-09-10T00:00:00Z
79,0.1505646,2020-09-20T00:00:00Z
79,0.1219245,2020-10-10T00:00:00Z
79,0.1608869,2020-10-15T00:00:00Z
79,0.1219512,2020-10-20T00:00:00Z
79,0.1223671,2020-10-30T00:00:00Z
79,0.1227903,2020-11-09T00:00:00Z
79,0.1301403,2020-11-24T00:00:00Z
79,0.1247206,2020-11-29T00:00:00Z
80,0.0869301,2020-09-10T00:00:00Z
80,0.0804734,2020-09-20T00:00:00Z
80,0.0849673,2020-10-10T00:00:00Z
80,0.0962963,2020-10-15T00:00:00Z
80,0.0889236,2020-10-20T00:00:00Z
80,0.1028684,2020-10-30T00:00:00Z
80,0.0892857,2020-11-09T00:00:00Z
80,0.0891182,2020-11-24T00:00:00Z
80,0.0800915,2020-11-29T00:00:00Z
81,-0.0119817,2020-09-10T00:00:00Z
81,-0.0131279,2020-09-20T00:00:00Z
81,0.045614,2020-10-10T00:00:00Z
81,0.0450891,2020-10-15T00:00:00Z
81,0.0405546,2020-10-20T00:00:00Z
81,0.0478723,2020-10-30T00:00:00Z
81,0.0511748,2020-11-09T00:00:00Z
81,0.0481622,2020-11-24T00:00:00Z
81,0.0640985,2020-11-29T00:00:00Z
82,0.113127,2020-09-10T00:00:00Z
82,0.0746736,2020-09-20T00:00:00Z
82,0.0609645,2020-10-10T00:00:00Z
82,0.0566535,2020-10-15T00:00:00Z
82,0.0584615,2020-10-20T00:00:00Z
82,0.0531237,2020-10-30T00:00:00Z
82,0.0928181,2020-11-09T00:00:00Z
82,0.0875332,2020-11-24T00:00:00Z
82,0.0921162,2020-11-29T00:00:00Z
83,0.0620326,2020-09-10T00:00:00Z
83,0.1354497,2020-09-20T00:00:00Z
83,0.1226766,2020-10-10T00:00:00Z
83,0.1048951,2020-10-15T00:00:00Z
83,0.1121908,2020-10-20T00:00:00Z
83,0.11355,2020-10-30T00:00:00Z
83,0.1293532,2020-11-09T00:00:00Z
83,0.1346543,2020-11-24T00:00:00Z
83,0.1249507,2020-11-29T00:00:00Z
84,0.0782961,2020-09-10T00:00:00Z
84,0.092437,2020-09-20T00:00:00Z
84,0.0789576,2020-10-10T00:00:00Z
84,0.0704012,2020-10-15T00:00:00Z
84,0.0550356,2020-10-20T00:00:00Z
84,0.0572289,2020-10-30T00:00:00Z
84,0.0720232,2020-11-09T00:00:00Z
84,0.0674759,2020-11-24T00:00:00Z
84,0.0760402,2020-11-29T00:00:00Z
85,0.0922897,2020-09-10T00:00:00Z
85,0.2177486,2020-09-20T00:00:00Z
85,0.0774042,2020-10-10T00:00:00Z
85,0.0568862,2020-10-15T00:00:00Z
85,0.069145,2020-10-20T00:00:00Z
85,0.0786106,2020-10-30T00:00:00Z
85,0.0894775,2020-11-09T00:00:00Z
85,0.0730159,2020-11-24T00:00:00Z
85,0.0918617,2020-11-29T00:00:00Z
86,0.0932476,2020-09-10T00:00:00Z
86,0.1139241,2020-09-20T00:00:00Z
86,0.1179741,2020-10-10T00:00:00Z
86,0.0498498,2020-10-15T00:00:00Z
86,0.0988875,2020-10-20T00:00:00Z
86,0.0665895,2020-10-30T00:00:00Z
86,0.0650407,2020-11-09T00:00:00Z
86,0.0538244,2020-11-24T00:00:00Z
86,0.1011236,2020-11-29T00:00:00Z
87,0.3958201,2020-09-10T00:00:00Z
87,0.3375729,2020-09-20T00:00:00Z
87,0.2397915,2020-10-10T00:00:00Z
87,0.1488863,2020-10-15T00:00:00Z
87,0.1817447,2020-10-20T00:00:00Z
87,0.14877,2020-10-30T00:00:00Z
87,0.1988283,2020-11-09T00:00:00Z
87,0.1056164,2020-11-24T00:00:00Z
87,0.142444,2020-11-29T00:00:00Z
88,0.3616134,2020-09-10T00:00:00Z
88,0.3678161,2020-09-20T00:00:00Z
88,0.2707744,2020-10-10T00:00:00Z
88,0.2208462,2020-10-15T00:00:00Z
88,0.1521843,2020-10-20T00:00:00Z
88,0.1164525,2020-10-30T00:00:00Z
88,0.0873937,2020-11-09T00:00:00Z
88,0.0807453,2020-11-24T00:00:00Z
88,0.0826786,2020-11-29T00:00:00Z
89,0.3186992,2020-09-10T00:00:00Z
89,0.2591463,2020-09-20T00:00:00Z
89,0.2099644,2020-10-10T00:00:00Z
89,0.1600207,2020-10-15T00:00:00Z
89,0.1585859,2020-10-20T00:00:00Z
89,0.1319703,2020-10-30T00:00:00Z
89,0.1101623,2020-11-09T00:00:00Z
89,0.075616,2020-11-24T00:00:00Z
89,0.0900789,2020-11-29T00:00:00Z
90,0.0832298,2020-09-10T00:00:00Z
90,0.1244131,2020-09-20T00:00:00Z
90,0.2991803,2020-10-10T00:00:00Z
90,0.3245168,2020-10-15T00:00:00Z
90,0.3433735,2020-10-20T00:00:00Z
90,0.2972058,2020-10-30T00:00:00Z
90,0.2302685,2020-11-09T00:00:00Z
90,0.2364273,2020-11-24T00:00:00Z
90,0.2127303,2020-11-29T00:00:00Z
91,0.4240283,2020-09-10T00:00:00Z
91,0.3632417,2020-09-20T00:00:00Z
91,0.3473877,2020-10-10T00:00:00Z
91,0.3824734,2020-10-15T00:00:00Z
91,0.3602151,2020-10-20T00:00:00Z
91,0.3877193,2020-10-30T00:00:00Z
91,0.3922261,2020-11-09T00:00:00Z
91,0.3435981,2020-11-24T00:00:00Z
91,0.4927905,2020-11-29T00:00:00Z
92,0.1925581,2020-09-10T00:00:00Z
92,0.1669477,2020-09-20T00:00:00Z
92,0.2356495,2020-10-10T00:00:00Z
92,0.2288203,2020-10-15T00:00:00Z
92,0.2551181,2020-10-20T00:00:00Z
92,0.2734923,2020-10-30T00:00:00Z
92,0.2849083,2020-11-09T00:00:00Z
92,0.2602359,2020-11-24T00:00:00Z
92,0.2602206,2020-11-29T00:00:00Z
93,0.3717026,2020-09-10T00:00:00Z
93,0.3017408,2020-09-20T00:00:00Z
93,0.2372999,2020-10-10T00:00:00Z
93,0.2189644,2020-10-15T00:00:00Z
93,0.2193548,2020-10-20T00:00:00Z
93,0.2469775,2020-10-30T00:00:00Z
93,0.244186,2020-11-09T00:00:00Z
93,0.2565974,2020-11-24T00:00:00Z
93,0.1902113,2020-11-29T00:00:00Z
94,-0.0643564,2020-09-10T00:00:00Z
94,0.0616667,2020-09-20T00:00:00Z
94,0.0591783,2020-10-10T00:00:00Z
94,0.081347,2020-10-15T00:00:00Z
94,0.0696296,2020-10-20T00:00:00Z
94,0.0770328,2020-10-30T00:00:00Z
94,0.083304,2020-11-09T00:00:00Z
94,0.0756353,2020-11-24T00:00:00Z
94,0.0693333,2020-11-29T00:00:00Z
95,0.2493845,2020-09-10T00:00:00Z
95,0.1712329,2020-09-20T00:00:00Z
95,0.1231761,2020-10-10T00:00:00Z
95,0.010113,2020-10-15T00:00:00Z
95,0.0594452,2020-10-20T00:00:00Z
95,0.0269608,2020-10-30T00:00:00Z
95,0.052729,2020-11-09T00:00:00Z
95,-0.0119386,2020-11-24T00:00:00Z
95,0.0176437,2020-11-29T00:00:00Z
96,0.01507,2020-09-10T00:00:00Z
96,0.1287532,2020-09-20T00:00:00Z
96,0.0031489,2020-10-10T00:00:00Z
96,0.1793875,2020-10-15T00:00:00Z
96,0.0352487,2020-10-20T00:00:00Z
96,0.0549344,2020-10-30T00:00:00Z
96,0.1276224,2020-11-09T00:00:00Z
96,0.1277108,2020-11-24T00:00:00Z
96,0.0623174,2020-11-29T00:00:00Z
97,0.1624238,2020-09-10T00:00:00Z
97,0.1231029,2020-09-20T00:00:00Z
97,-0.0029426,2020-10-10T00:00:00Z
97,0.040293,2020-10-15T00:00:00Z
97,0.0255152,2020-10-20T00:00:00Z
97,0.0620155,2020-10-30T00:00:00Z
97,0.0595492,2020-11-09T00:00:00Z
97,0.0994712,2020-11-24T00:00:00Z
97,0.0734154,2020-11-29T00:00:00Z
98,0.2743972,2020-09-10T00:00:00Z
98,0.3225405,2020-09-20T00:00:00Z
98,0.3164098,2020-10-10T00:00:00Z
98,0.300738,2020-10-15T00:00:00Z
98,0.3166667,2020-10-20T00:00:00Z
98,0.3652254,2020-10-30T00:00:00Z
98,0.3737907,2020-11-09T00:00:00Z
98,0.2771475,2020-11-24T00:00:00Z
98,0.3460265,2020-11-29T00:00:00Z
99,0.1014799,2020-09-10T00:00:00Z
99,0.094518,2020-09-20T00:00:00Z
99,0.0957015,2020-10-10T00:00:00Z
99,0.0966767,2020-10-15T00:00:00Z
99,0.1005006,2020-10-20T00:00:00Z
99,0.093214,2020-10-30T00:00:00Z
99,0.0950292,2020-11-09T00:00:00Z
99,0.0965949,2020-11-24T00:00:00Z
99,0.102906,2020-11-29T00:00:00Z
100,0.1483313,2020-09-10T00:00:00Z
100,0.129863,2020-09-20T00:00:00Z
100,0.1235409,2020-10-10T00:00:00Z
100,0.1067087,2020-10-15T00:00:00Z
100,0.1044776,2020-10-20T00:00:00Z
100,0.0914504,2020-10-30T00:00:00Z
100,0.0992617,2020-11-09T00:00:00Z
100,0.0841046,2020-11-24T00:00:00Z
100,0.1014842,2020-11-29T00:00:00Z
101,0.1065169,2020-09-10T00:00:00Z
101,0.21,2020-09-20T00:00:00Z
101,0.1888186,2020-10-10T00:00:00Z
101,0.1793073,2020-10-15T00:00:00Z
101,0.1864249,2020-10-20T00:00:00Z
101,0.1704545,2020-10-30T00:00:00Z
101,0.1826087,2020-11-09T00:00:00Z
101,0.1428571,2020-11-24T00:00:00Z
101,0.1573209,2020-11-29T00:00:00Z
102,0.1444444,2020-09-10T00:00:00Z
102,0.1531815,2020-09-20T00:00:00Z
102,0.132,2020-10-10T00:00:00Z
102,0.0996865,2020-10-15T00:00:00Z
102,0.1118252,2020-10-20T00:00:00Z
102,0.1444583,2020-10-30T00:00:00Z
102,0.1568862,2020-11-09T00:00:00Z
102,0.1496599,2020-11-24T00:00:00Z
102,0.149633,2020-11-29T00:00:00Z
103,0.0590631,2020-09-10T00:00:00Z
103,0.0609524,2020-09-20T00:00:00Z
103,0.0733864,2020-10-10T00:00:00Z
103,0.0664928,2020-10-15T00:00:00Z
103,0.070913,2020-10-20T00:00:00Z
103,0.0787879,2020-10-30T00:00:00Z
103,0.0660931,2020-11-09T00:00:00Z
103,0.0660522,2020-11-24T00:00:00Z
103,0.078424,2020-11-29T00:00:00Z
104,0.1355736,2020-09-10T00:00:00Z
104,0.1116096,2020-09-20T00:00:00Z
104,0.1428571,2020-10-10T00:00:00Z
104,0.1374804,2020-10-15T00:00:00Z
104,0.1333333,2020-10-20T00:00:00Z
104,0.1510934,2020-10-30T00:00:00Z
104,0.1412482,2020-11-09T00:00:00Z
104,0.136528,2020-11-24T00:00:00Z
104,0.1391824,2020-11-29T00:00:00Z
105,0.173263,2020-09-10T00:00:00Z
105,0.1870748,2020-09-20T00:00:00Z
105,0.1693002,2020-10-10T00:00:00Z
105,0.2655198,2020-10-15T00:00:00Z
105,0.2090566,2020-10-20T00:00:00Z
105,0.2114119,2020-10-30T00:00:00Z
105,0.2386917,2020-11-09T00:00:00Z
105,0.2596439,2020-11-24T00:00:00Z
105,0.1933472,2020-11-29T00:00:00Z
106,0.102,2020-09-10T00:00:00Z
106,0.1001424,2020-09-20T00:00:00Z
106,0.0656566,2020-10-10T00:00:00Z
106,0.082153,2020-10-15T00:00:00Z
106,0.0766773,2020-10-20T00:00:00Z
106,0.0672854,2020-10-30T00:00:00Z
106,0.078635,2020-11-09T00:00:00Z
106,0.0712531,2020-11-24T00:00:00Z
106,0.0764791,2020-11-29T00:00:00Z
107,0.3898305,2020-09-10T00:00:00Z
107,0.486698,2020-09-20T00:00:00Z
107,0.2601476,2020-10-10T00:00:00Z
107,0.2421214,2020-10-15T00:00:00Z
107,0.2189441,2020-10-20T00:00:00Z
107,0.181592,2020-10-30T00:00:00Z
107,0.1068493,2020-11-09T00:00:00Z
107,0.1021324,2020-11-24T00:00:00Z
107,0.1005917,2020-11-29T00:00:00Z
108,0.3788396,2020-09-10T00:00:00Z
108,0.5797101,2020-09-20T00:00:00Z
108,0.3894967,2020-10-10T00:00:00Z
108,0.3034483,2020-10-15T00:00:00Z
108,0.3959342,2020-10-20T00:00:00Z
108,0.3426791,2020-10-30T00:00:00Z
108,0.2510013,2020-11-09T00:00:00Z
108,0.1677161,2020-11-24T00:00:00Z
108,0.1674157,2020-11-29T00:00:00Z
109,0.2239382,2020-09-10T00:00:00Z
109,0.2117647,2020-09-20T00:00:00Z
109,0.4219653,2020-10-10T00:00:00Z
109,0.2084806,2020-10-15T00:00:00Z
109,0.2848606,2020-10-20T00:00:00Z
109,0.263986,2020-10-30T00:00:00Z
109,0.3121019,2020-11-09T00:00:00Z
109,0.1447761,2020-11-24T00:00:00Z
109,0.2214876,2020-11-29T00:00:00Z
110,0.3556851,2020-09-10T00:00:00Z
110,0.4302326,2020-09-20T00:00:00Z
110,0.3229167,2020-10-10T00:00:00Z
110,0.3151751,2020-10-15T00:00:00Z
110,0.3581943,2020-10-20T00:00:00Z
110,0.2643492,2020-10-30T00:00:00Z
110,0.2057143,2020-11-09T00:00:00Z
110,0.1410165,2020-11-24T00:00:00Z
110,0.1460974,2020-11-29T00:00:00Z
111,0.3550864,2020-09-10T00:00:00Z
111,0.4513274,2020-09-20T00:00:00Z
111,0.2900763,2020-10-10T00:00:00Z
111,0.3445378,2020-10-15T00:00:00Z
111,0.3110151,2020-10-20T00:00:00Z
111,0.1777778,2020-10-30T00:00:00Z
111,0.116629,2020-11-09T00:00:00Z
111,0.1272455,2020-11-24T00:00:00Z
111,0.0940526,2020-11-29T00:00:00Z
112,-0.015544,2020-09-10T00:00:00Z
112,0.5192308,2020-09-20T00:00:00Z
112,0.4709821,2020-10-10T00:00:00Z
112,0.3124368,2020-10-15T00:00:00Z
112,0.3041958,2020-10-20T00:00:00Z
112,0.0963542,2020-10-30T00:00:00Z
112,0.1088581,2020-11-09T00:00:00Z
112,0.0331464,2020-11-24T00:00:00Z
112,0.0861244,2020-11-29T00:00:00Z
113,0.3763736,2020-09-10T00:00:00Z
113,0.3746479,2020-09-20T00:00:00Z
113,0.2233223,2020-10-10T00:00:00Z
113,0.2148515,2020-10-15T00:00:00Z
113,0.1407146,2020-10-20T00:00:00Z
113,0.1486542,2020-10-30T00:00:00Z
113,0.1498471,2020-11-09T00:00:00Z
113,0.1272424,2020-11-24T00:00:00Z
113,0.1104247,2020-11-29T00:00:00Z
114,0.4582763,2020-09-10T00:00:00Z
114,0.38157,2020-09-20T00:00:00Z
114,0.279425,2020-10-10T00:00:00Z
114,0.1959486,2020-10-15T00:00:00Z
114,0.1964615,2020-10-20T00:00:00Z
114,0.1524649,2020-10-30T00:00:00Z
114,0.1277663,2020-11-09T00:00:00Z
114,0.075499,2020-11-24T00:00:00Z
114,0.0905433,2020-11-29T00:00:00Z
115,0.3675946,2020-09-10T00:00:00Z
115,0.2918033,2020-09-20T00:00:00Z
115,0.2511364,2020-10-10T00:00:00Z
115,0.2046963,2020-10-15T00:00:00Z
115,0.1619586,2020-10-20T00:00:00Z
115,0.1181894,2020-10-30T00:00:00Z
115,0.1099358,2020-11-09T00:00:00Z
115,0.113308,2020-11-24T00:00:00Z
115,0.1395007,2020-11-29T00:00:00Z
116,0.2345178,2020-09-10T00:00:00Z
116,0.2808765,2020-09-20T00:00:00Z
116,0.3104661,2020-10-10T00:00:00Z
116,0.2048847,2020-10-15T00:00:00Z
116,0.2417417,2020-10-20T00:00:00Z
116,0.165284,2020-10-30T00:00:00Z
116,0.1658986,2020-11-09T00:00:00Z
116,0.0757261,2020-11-24T00:00:00Z
116,0.1196172,2020-11-29T00:00:00Z
117,0.1742892,2020-09-10T00:00:00Z
117,0.2239819,2020-09-20T00:00:00Z
117,0.2813008,2020-10-10T00:00:00Z
117,0.3225124,2020-10-15T00:00:00Z
117,0.322301,2020-10-20T00:00:00Z
117,0.3450292,2020-10-30T00:00:00Z
117,0.2522639,2020-11-09T00:00:00Z
117,0.1236994,2020-11-24T00:00:00Z
117,0.1191011,2020-11-29T00:00:00Z
118,0.2366698,2020-09-10T00:00:00Z
118,0.2419825,2020-09-20T00:00:00Z
118,0.1935743,2020-10-10T00:00:00Z
118,0.2444742,2020-10-15T00:00:00Z
118,0.1454196,2020-10-20T00:00:00Z
118,0.0682954,2020-10-30T00:00:00Z
118,0.0113285,2020-11-09T00:00:00Z
118,0.0649475,2020-11-24T00:00:00Z
118,0.0440252,2020-11-29T00:00:00Z
119,0.1934783,2020-09-10T00:00:00Z
119,0.2628062,2020-09-20T00:00:00Z
119,0.2472119,2020-10-10T00:00:00Z
119,0.1821798,2020-10-15T00:00:00Z
119,0.2620818,2020-10-20T00:00:00Z
119,0.2096909,2020-10-30T00:00:00Z
119,0.245283,2020-11-09T00:00:00Z
119,0.1522516,2020-11-24T00:00:00Z
119,0.2230889,2020-11-29T00:00:00Z
120,0.2429907,2020-09-10T00:00:00Z
120,0.2541744,2020-09-20T00:00:00Z
120,0.2408759,2020-10-10T00:00:00Z
120,0.1880029,2020-10-15T00:00:00Z
120,0.2512156,2020-10-20T00:00:00Z
120,0.257732,2020-10-30T00:00:00Z
120,0.2829901,2020-11-09T00:00:00Z
120,0.2057762,2020-11-24T00:00:00Z
120,0.2261818,2020-11-29T00:00:00Z
121,0.0724152,2020-09-10T00:00:00Z
121,0.071257,2020-09-20T00:00:00Z
121,0.0872986,2020-10-10T00:00:00Z
121,0.0864104,2020-10-15T00:00:00Z
121,0.074261,2020-10-20T00:00:00Z
121,0.0698001,2020-10-30T00:00:00Z
121,0.0732861,2020-11-09T00:00:00Z
121,0.0706932,2020-11-24T00:00:00Z
121,0.0728996,2020-11-29T00:00:00Z
122,0.1627273,2020-09-10T00:00:00Z
122,0.2078103,2020-09-20T00:00:00Z
122,0.1029654,2020-10-10T00:00:00Z
122,0.0868486,2020-10-15T00:00:00Z
122,0.0674651,2020-10-20T00:00:00Z
122,0.1060307,2020-10-30T00:00:00Z
122,0.093032,2020-11-09T00:00:00Z
122,0.0892926,2020-11-24T00:00:00Z
122,0.0770376,2020-11-29T00:00:00Z
123,0.0431786,2020-09-10T00:00:00Z
123,0.1091829,2020-09-20T00:00:00Z
123,0.0893812,2020-10-10T00:00:00Z
123,0.0978916,2020-10-15T00:00:00Z
123,0.1060084,2020-10-20T00:00:00Z
123,0.1141449,2020-10-30T00:00:00Z
123,0.1195815,2020-11-09T00:00:00Z
123,0.1117917,2020-11-24T00:00:00Z
123,0.1397849,2020-11-29T00:00:00Z
124,0.1899468,2020-09-10T00:00:00Z
124,0.2083958,2020-09-20T00:00:00Z
124,0.2007992,2020-10-10T00:00:00Z
124,0.159982,2020-10-15T00:00:00Z
124,0.2125124,2020-10-20T00:00:00Z
124,0.1998083,2020-10-30T00:00:00Z
124,0.2257454,2020-11-09T00:00:00Z
124,0.1985527,2020-11-24T00:00:00Z
124,0.2142171,2020-11-29T00:00:00Z
